Gene,Mutation,Label
BRCA2,L2396F,Benign
BRCA2,K3015E,Benign
BRCA2,K513R,Benign
BRCA2,I2490T,Benign
BRCA2,D3170G,Benign
BRCA2,D3095E,Pathogenic
BRCA2,R3052W,Pathogenic
BRCA2,V2969M,Benign
BRCA2,S2835P,Benign
BRCA2,D2723H,Pathogenic
BRCA2,I2627F,Pathogenic
BRCA2,K2339N,Benign
BRCA2,H1918Y,Benign
BRCA2,N1880K,Benign
BRCA2,P1819S,Benign
BRCA2,I1364L,Benign
BRCA2,I1349T,Benign
BRCA2,V894I,Benign
BRCA2,P375L,Benign
BRCA2,P375S,Benign
BRCA2,V3244I,Benign
BRCA2,A2951T,Benign
BRCA2,I2944F,Benign
BRCA2,N289H,Benign
BRCA2,V2728I,Benign
BRCA2,A2717S,Benign
BRCA2,H2440R,Benign
BRCA2,H2116R,Benign
BRCA2,R2108C,Benign
BRCA2,R2034C,Benign
BRCA2,T1915M,Benign
BRCA2,D1420Y,Benign
BRCA2,N991D,Benign
BRCA2,I505T,Benign
BRCA2,I3412V,Benign
BRCA2,Y3098H,Benign
BRCA2,R2973C,Benign
BRCA2,R2659G,Pathogenic
BRCA2,W2626C,Pathogenic
BRCA2,H2623R,Pathogenic
BRCA2,T2515I,Benign
BRCA2,R2336H,Pathogenic
BRCA2,H2074N,Benign
BRCA2,D1923A,Benign
BRCA2,G1771D,Benign
BRCA2,D1699N,Benign
BRCA2,G1529R,Benign
BRCA2,Q1396R,Benign
BRCA2,T582P,Benign
BRCA2,E462G,Benign
BRCA2,Y42C,Benign
BRCA2,T3371A,Benign
BRCA2,N372H,Benign
